Manufacturer,Aircraft_Model
CESSNA,210M
BELTZ JOE M,KR-2
CESSNA,182T
AMERICAN EUROCOPTER LLC,MBB-BK 117 C-2
QUEST AIRCRAFT COMPANY LLC,KODIAK 100
GULFSTREAM AEROSPACE CORP,GVI(G650ER)
EMBRAER,ERJ 190-100 IGW
BOEING,767-324
AIRBUS,A350-941
BOEING,737-800
BOEING,737-823
BOEING,737-71Q
BOEING,737-7CT
CESSNA,182R
EMBRAER,ERJ 170-200 LR
AIRBUS,A321-271NX
ROBINSON HELICOPTER CO,R66
BETTS JOHN P,FISHER CLASSIC
AIRBUS,A321-253NX
MCDONNELL DOUGLAS,DC-9-83(MD-83)
BOMBARDIER INC,CL-600-2C10
BOEING,767-322
BOEING,737-7BX
BOEING,737-752
BOEING,737-7L9
DASSAULT,FALCON 900 EX
EMBRAER,EMB-145XR
AIRBUS,A320-212
BOEING,737-890
AIRBUS,A321-271N
AIRBUS,A320-232
BOEING,757-223
BOEING,737-71B
BOEING,777-223
BOEING,767-3P6
WARREN RANDAL,RV6A
GRUMMAN,G-1159
PIPER,PA-32R-301
AIRBUS INDUSTRIE,A320-214
AIRBUS,A330-243
BOEING,737-73V
DJI,INSPIRE 2
MCDONNELL DOUGLAS,MD-90-30
YABORA INDUSTRIA AERONAUTICA S,ERJ 170-200 LR
BOEING,737-76N
BEER JOHN EDWARD,JEB SUPER HI MAX
BOEING,737-7H4
EMBRAER,ERJ 170-100 SE
BOEING,757-324
BOEING,737-76Q
CESSNA,310L
EMBRAER S A,ERJ 170-200 LR
BOEING,767-424ER
AIRBUS,A330-223
AIRBUS SAS,A320-251N
AIRBUS INDUSTRIE,A319-114
BOEING,MD-90-30
BOEING,767-33A
BOEING,737-8FH
AIR TRACTOR INC,AT-602
BOEING,737-924ER
BOEING,767-432ER
BOEING,737-732
BOEING,777-232
EMBRAER,EMB-145
BOEING,767-3CB
BOEING,737-924
AIRBUS INDUSTRIE,A319-112
BOEING,787-10
CHRISTOPHER LORD,ELA 07 SCORPION
BOEING,737-700
BOEING,757-28A
BOEING,737-7BD
BOEING,757-33N
BOEING,767-332
BOEING,717-200
AIRBUS,A330-323
BOEING,777-323ER
AIRBUS,A330-941
AIRBUS,A319-115
BOEING,757-2Q8
BOEING,737-990
BOEING,737-824
AIRBUS SAS,A321-211
BOEING,737-7V3
CIRRUS DESIGN CORP,SR22
BOEING,757-351
BOEING,737-832
AIRBUS,A321-231
PILATUS AIRCRAFT LTD,PC-12
CESSNA,340A
SOCATA,TBM 700
DIAMOND AIRCRAFT IND GMBH,DA 42
MCDONNELL DOUGLAS,DC-9-82(MD-82)
AIR TRACTOR INC,AT-502B
AIRBUS INDUSTRIE,A320-212
BOEING,757-222
START & FLUG GMBH.,H101 "SALTO"
BOEING,757-232
AIRBUS,A320-251N
BOEING,737-7AD
NAKAMURA HISASHI,TIERRA II
BOEING,737-7K5
BOEING,757-23N
EMBRAER,EMB-145LR
AIRBUS,A320-271N
BOEING,777-224
EMBRAER,EMB-135KL
CESSNA,T182T
CIRRUS DESIGN CORP,SR22T
BOEING,757-26D
BOEING,767-323
BIGHAM JACK L,MARQUART M 5 CHARGER
BOEING,787-9
EMBRAER,ERJ 170-100 LR
BIGHAM JACK L,MONTANA COYOTE
AIRBUS,A319-132
EMBRAER-EMPRESA BRASILEIRA DE,ERJ 170-200 LR
BOEING,737-7K9
BOEING,737-79P
BOMBARDIER INC,CL-600-2B19
BOEING,737-79L
BOEING,737-8
AIRBUS INDUSTRIE,A320-211
BOEING,737-990ER
CANADAIR,CL-600-2B19
AIRBUS INDUSTRIE,A330-223
BOEING,737-8H4
AIRBUS,A321-211
AIRBUS,A319-131
AIRBUS,A330-302
EMBRAER,ERJ 170-100SU
BOEING,757-231
BOEING,737-900ER
AIRBUS INDUSTRIE,A330-323
BOEING,757-224
AIRBUS,A320-214
BOEING,777-222
AIRBUS,A321-253N
CENTRAIR,101C
RAYTHEON AIRCRAFT COMPANY,HAWKER 800XP
BOEING,757-2B7
AIR TRACTOR INC,AT-802A
BOEING,737-724
BOEING,757-251
BENHAM JOHN,DOMINATOR
BOEING,767-323ER
BOEING,737-932ER
BOEING,737-7BK
BOEING,737-9
AIRBUS,A319-111
BYLER,EVANS VP II
EMBRAER S A,ERJ 170-200 LL
C SERIES AIRCRAFT LTD PTNRSP,BD-500-1A10
BOEING,737-7Q8
BOEING,777-232LR
MCDONNELL DOUGLAS AIRCRAFT CO,MD-88
AIRBUS,A319-114
MCDONNELL DOUGLAS AIRCRAFT CO,MD 83
BOEING,737-790
BOEING,737-705
AIRBUS,A320-211
TREMBLE JASON M,RV-7A
BOEING,777-300ER
BOEING,787-8
BARD JOHN A,VANS RV-8A
AIRBUS CANADA LTD PTNRSP,BD-500-1A10
AIRBUS INDUSTRIE,A321-211
AIRBUS INDUSTRIE,A319-131
BOMBARDIER INC,CL-600-2D24
MOONEY,M20J
DIAMOND AIRCRAFT IND INC,DA 40
CESSNA,510
AIRBUS INDUSTRIE,A321-231
AIRBUS,A319-112
MOONEY AIRCRAFT CORP.,M20S
AIRBUS INDUSTRIE,A319-132
AIRBUS INDUSTRIE,A320-232
BOMBARDIER INC,BD-100-1A10
AIRBUS SAS,A320-271N
BOEING,737-8EH
MCDONNELL DOUGLAS CORPORATION,MD-88
