City,State
ABERDEEN,SOUTH DAKOTA
ABILENE,TEXAS
ADAK ISLAND,ALASKA
AGUADILLA,PUERTO RICO
AKRON,OHIO
ALBANY,NEW YORK
ALBANY,GEORGIA
ALBUQUERQUE,NEW MEXICO
ALEXANDRIA,LOUISIANA
ALLANTA,GEORGIA
ALLENTOWN/BETHLEHEM/EASTON,PENNSYLVANIA
ALPENA,MICHIGAN
ALTANTA,GEORGIA
AMARILLO,TEXAS
ANCHORAGE,ALASKA
APPLETON,WISCONSIN
ARCATA/EUREKA,CALIFORNIA
ARLINGTON,VIRGINIA
ASHEVILLE,NORTH CAROLINA
ASHLAND,WEST VIRGINIA
ASPEN,COLORADO
ATLANTA,GEORGIA
ATLANTIC CITY,NEW JERSEY
AUGUSTA,GEORGIA
AURORA,OREGON
AUSTIN,TEXAS
BAKERSFIELD,CALIFORNIA
BALTIMORE,MARYLAND
BANGOR,MAINE
BARROW,ALASKA
BATON ROUGE,LOUISIANA
BEAUFORT,NORTH CAROLINA
BEAUMONT/PORT ARTHUR,TEXAS
BELLEVILLE,PENNSYLVANIA
BELLEVILLE,ILLINOIS
BELLINGHAM,WASHINGTON
BEMIDJI,MINNESOTA
BEND,OREGON
BEND/REDMOND,OREGON
BETHEL,ALASKA
BILLINGS,MONTANA
BINGHAMTON,NEW YORK
BIRMINGHAM,ALABAMA
BISMARCK/MANDAN,NORTH DAKOTA
BLOOMINGTON/NORMAL,ILLINOIS
BOISE,IDAHO
BOSTON,MASSACHUSETTS
BOZEMAN,MONTANA
BRAINERD,MINNESOTA
BRANSON,MISSOURI
BRISTOL/JOHNSON CITY/KINGSPORT,TENNESSEE
BROWNSVILLE,TEXAS
BRUNSWICK,GEORGIA
BUFFALO,NEW YORK
BURBANK,CALIFORNIA
BURLINGAME,CALIFORNIA
BURLINGTON,VERMONT
BUTTE,MONTANA
CAMBRIDGE,MASSACHUSETTS
CAMDEN,DELAWARE
CAMERON,SOUTH CAROLINA
CANYON,TEXAS
CAPE GIRARDEAU,MISSOURI
CASPER,WYOMING
CEDAR CITY,UTAH
CEDAR RAPIDS/IOWA CITY,IOWA
CHAMPAIGN/URBANA,ILLINOIS
CHARLESTON,SOUTH CAROLINA
CHARLESTON/DUNBAR,WEST VIRGINIA
CHARLOTTE,NORTH CAROLINA
CHARLOTTE AMALIE,U.S. VIRGIN ISLANDS
CHARLOTTESVILLE,VIRGINIA
CHATTANOOGA,TENNESSEE
CHEYENNE,WYOMING
CHICAGO,ILLINOIS
CHRISTIANSTED,U.S. VIRGIN ISLANDS
CINCINNATI,KENTUCKY
CLARKSBURG/FAIRMONT,WEST VIRGINIA
CLAYTON,INDIANA
CLEVELAND,OHIO
CLEVELAND,MISSISSIPPI
CODY,WYOMING
COLD BAY,ALASKA
COLLEGE STATION/BRYAN,TEXAS
COLORADO SPRINGS,COLORADO
COLUMBIA,MISSOURI
COLUMBIA,SOUTH CAROLINA
COLUMBUS,OHIO
COLUMBUS,MISSISSIPPI
COLUMBUS,GEORGIA
CONCORD,NORTH CAROLINA
CORDOVA,ALASKA
CORPUS CHRISTI,TEXAS
COTTONWOOD,IDAHO
COVINGTON,LOUISIANA
DALLAS,TEXAS
DALLAS/FORT WORTH,TEXAS
DAYTON,OHIO
DAYTONA BEACH,FLORIDA
DEADHORSE,ALASKA
DECATUR,ILLINOIS
DEL RIO,TEXAS
DENVER,COLORADO
DES MOINES,IOWA
DETROIT,MICHIGAN
DEVILS LAKE,NORTH DAKOTA
DICKINSON,NORTH DAKOTA
DILLINGHAM,ALASKA
DODGE CITY,KANSAS
DOTHAN,ALABAMA
DUBUQUE,IOWA
DULUTH,MINNESOTA
DUNCAN,OKLAHOMA
DURANGO,COLORADO
EAGLE,COLORADO
EAU CLAIRE,WISCONSIN
EL PASO,TEXAS
EL PRADO,NEW MEXICO
ELKO,NEVADA
ELMIRA/CORNING,NEW YORK
ERIE,PENNSYLVANIA
ESCANABA,MICHIGAN
EUGENE,OREGON
EVANSVILLE,INDIANA
EVERETT,WASHINGTON
FAIRBANKS,ALASKA
FARGO,NORTH DAKOTA
FAYETTEVILLE,NORTH CAROLINA
FAYETTEVILLE,ARKANSAS
FLAGSTAFF,ARIZONA
FLINT,MICHIGAN
FORT LAUDERDALE,FLORIDA
FORT MYERS,FLORIDA
FORT SMITH,ARKANSAS
FORT WAYNE,INDIANA
FORT WORTH,TEXAS
FORTH WORTH,TEXAS
FRESNO,CALIFORNIA
FT. WORTH,TEXAS
GAINESVILLE,FLORIDA
GARDEN CITY,KANSAS
GILLETTE,WYOMING
GRAND FORKS,NORTH DAKOTA
GRAND ISLAND,NEBRASKA
GRAND JUNCTION,COLORADO
GRAND RAPIDS,MICHIGAN
GREAT FALLS,MONTANA
GREEN BAY,WISCONSIN
GREENBELT,MARYLAND
GREENSBORO/HIGH POINT,NORTH CAROLINA
GREENVILLE,DELAWARE
GREENVILLE,NORTH CAROLINA
GREER,SOUTH CAROLINA
GUAM,U.S. PACIFIC TRUST TERRITORIES AND POSSESSIONS
GULFPORT/BILOXI,MISSISSIPPI
GUNNISON,COLORADO
GUSTAVUS,ALASKA
HAGERSTOWN,MARYLAND
HANCOCK/HOUGHTON,MICHIGAN
HARLINGEN/SAN BENITO,TEXAS
HARRISBURG,PENNSYLVANIA
HARTFORD,CONNECTICUT
HASKELL,OKLAHOMA
HATTIESBURG/LAUREL,MISSISSIPPI
HAYDEN,COLORADO
HAYS,KANSAS
HELENA,MONTANA
HIBBING,MINNESOTA
HILO,HAWAII
HILTON HEAD,SOUTH CAROLINA
HOBBS,NEW MEXICO
HONOLULU,HAWAII
HORSESHOE BAY,TEXAS
HOUSTON,TEXAS
HUNTSVILLE,ALABAMA
HYANNIS,MASSACHUSETTS
IDAHO FALLS,IDAHO
INDANAPOLIS,INDIANA
INDIANAPOLIS,INDIANA
INTERNATIONAL FALLS,MINNESOTA
IRON MOUNTAIN/KINGSFD,MICHIGAN
IRVING,TEXAS
ISLIP,NEW YORK
ITHACA/CORTLAND,NEW YORK
JACKSON,WYOMING
JACKSON/VICKSBURG,MISSISSIPPI
JACKSONVILLE,FLORIDA
JACKSONVILLE/CAMP LEJEUNE,NORTH CAROLINA
JAMESTOWN,NORTH DAKOTA
JOPLIN,MISSOURI
JUNEAU,ALASKA
KAHULUI,HAWAII
KALAMAZOO,MICHIGAN
KALISPELL,MONTANA
KANSAS CITY,MISSOURI
KEARNEY,NEBRASKA
KENNETT,MISSOURI
KETCHIKAN,ALASKA
KEY WEST,FLORIDA
KILLEEN,TEXAS
KIMBERLY,IDAHO
KING SALMON,ALASKA
KNOXVILLE,TENNESSEE
KODIAK,ALASKA
KONA,HAWAII
KOTZEBUE,ALASKA
LA CROSSE,WISCONSIN
LAFAYETTE,LOUISIANA
LAGRANGE,INDIANA
LAKE CHARLES,LOUISIANA
LANSING,MICHIGAN
LARAMIE,WYOMING
LAREDO,TEXAS
LAS,NEVADA
LAS VEGAS,NEVADA
LATROBE,PENNSYLVANIA
LAWTON/FORT SILL,OKLAHOMA
LEESBURG,VIRGINIA
LEWISBURG,WEST VIRGINIA
LEWISTON,IDAHO
LEXINGTON,KENTUCKY
LIBERAL,KANSAS
LIHUE,HAWAII
LINCOLN,NEBRASKA
LITTLE ROCK,ARKANSAS
LONG BEACH,CALIFORNIA
LONG ISLAND,NEW YORK
LONG ISLAND CITY,NEW YORK
LONGVIEW,TEXAS
LOS ANGELES,CALIFORNIA
LOUISVILLE,KENTUCKY
LUBBOCK,TEXAS
LYNCHBURG,VIRGINIA
MADISON,WISCONSIN
MAMMOTH LAKES,CALIFORNIA
MANCHESTER,NEW HAMPSHIRE
MANHATTAN/FT. RILEY,KANSAS
MARQUETTE,MICHIGAN
MARTHA'S VINEYARD,MASSACHUSETTS
MEDFORD,OREGON
MELBOURNE,FLORIDA
MEMPHIS,TENNESSEE
MERIDIAN,MISSISSIPPI
MIAMI,FLORIDA
MIDLAND/ODESSA,TEXAS
MILFORD,NEBRASKA
MILTON,FLORIDA
MILWAUKEE,WISCONSIN
MINNEAPOLIS,MINNESOTA
MINOT,NORTH DAKOTA
MIRAMAR,FLORIDA
MISSION/MCALLEN/EDINBURG,TEXAS
MISSOULA,MONTANA
MOAB,UTAH
MOBILE,ALABAMA
MOLINE,ILLINOIS
MONROE,LOUISIANA
MONTEREY,CALIFORNIA
MONTGOMERY,ALABAMA
MONTROSE/DELTA,COLORADO
MOSINEE,WISCONSIN
MOUNT SHASTA,CALIFORNIA
MOUNT VERNON,WASHINGTON
MUSKEGON,MICHIGAN
MYRTLE BEACH,SOUTH CAROLINA
NANTUCKET,MASSACHUSETTS
NAPOLEON,NORTH DAKOTA
NASHVILLE,TENNESSEE
NEW BERN/MOREHEAD/BEAUFORT,NORTH CAROLINA
NEW HAVEN,CONNECTICUT
NEW ORLEANS,LOUISIANA
NEW YORK,NEW YORK
NEWARK,NEW JERSEY
NEWARK,DELAWARE
NEWBURGH/POUGHKEEPSIE,NEW YORK
NEWPORT,ARKANSAS
NEWPORT NEWS/WILLIAMSBURG,VIRGINIA
NIAGARA FALLS,NEW YORK
NOME,ALASKA
NORFOLK,
NORFOLK,VIRGINIA
NORTH BEND/COOS BAY,OREGON
NORTH KINGSTOWN,RHODE ISLAND
NORTH PLATTE,NEBRASKA
NORTH SALT LAKE,UTAH
NORWALK,CONNECTICUT
OAKLAND,CALIFORNIA
OGDEN,UTAH
OGDENSBURG,NEW YORK
OKLAHOMA CITY,OKLAHOMA
OLD CHATHAM,NEW YORK
OMAHA,NEBRASKA
ONTARIO,CALIFORNIA
ORLANDO,FLORIDA
OWENSBORO,KENTUCKY
PADUCAH,KENTUCKY
PAGO PAGO,U.S. PACIFIC TRUST TERRITORIES AND POSSESSIONS
PALM SPRINGS,CALIFORNIA
PANAMA CITY,FLORIDA
PASCO/KENNEWICK/RICHLAND,WASHINGTON
PELLSTON,MICHIGAN
PENSACOLA,FLORIDA
PEORIA,ILLINOIS
PETERSBURG,ALASKA
PHILADELPHIA,PENNSYLVANIA
PHOENIX,ARIZONA
PIERRE,SOUTH DAKOTA
PINE BLUFF,ARKANSAS
PITTSBURGH,PENNSYLVANIA
PLATTSBURGH,NEW YORK
POCATELLO,IDAHO
PONCE,PUERTO RICO
PORT EWEN,NEW YORK
PORTLAND,MAINE
PORTLAND,OREGON
PORTSMOUTH,NEW HAMPSHIRE
PRESCOTT,ARIZONA
PROVIDENCE,RHODE ISLAND
PROVO,UTAH
PUEBLO,COLORADO
PUNTA GORDA,FLORIDA
QUINCY,ILLINOIS
RALEIGH/DURHAM,NORTH CAROLINA
RAPID CITY,SOUTH DAKOTA
REDDING,CALIFORNIA
RENO,NEVADA
RHINELANDER,WISCONSIN
RICHMOND,VIRGINIA
RIVERTON/LANDER,WYOMING
ROANOKE,VIRGINIA
ROCHESTER,NEW YORK
ROCHESTER,MINNESOTA
ROCK SPRINGS,WYOMING
ROCKAWAY,NEW JERSEY
ROCKFORD,ILLINOIS
ROMEOVILLE,ILLINOIS
ROSWELL,NEW MEXICO
SACRAMENTO,CALIFORNIA
SAGINAW/BAY CITY/MIDLAND,MICHIGAN
SAINT GEORGE,UTAH
SAIPAN,U.S. PACIFIC TRUST TERRITORIES AND POSSESSIONS
SALINA,KANSAS
SALT LAKE CITY,UTAH
SAN ANGELO,TEXAS
SAN ANTONIO,TEXAS
SAN DIEGO,CALIFORNIA
SAN FRANCISCO,CALIFORNIA
SAN JOSE,CALIFORNIA
SAN JUAN,PUERTO RICO
SAN LUIS OBISPO,CALIFORNIA
SANFORD,FLORIDA
SANTA ANA,CALIFORNIA
SANTA BARBARA,CALIFORNIA
SANTA FE,NEW MEXICO
SANTA MARIA,CALIFORNIA
SANTA ROSA,CALIFORNIA
SARASOTA/BRADENTON,FLORIDA
SAULT STE. MARIE,MICHIGAN
SAVANNAH,GEORGIA
SCOTTSBLUFF,NEBRASKA
SCOTTSDALE,ARIZONA
SCRANTON/WILKES-BARRE,PENNSYLVANIA
SEATAC,WASHINGTON
SEATTLE,WASHINGTON
SHERIDAN,WYOMING
SHREVEPORT,LOUISIANA
SIOUX CITY,IOWA
SIOUX FALLS,SOUTH DAKOTA
SITKA,ALASKA
SOUTH BEND,INDIANA
SPOKANE,WASHINGTON
SPRINGFIELD,MISSOURI
SPRINGFIELD,ILLINOIS
SPRINGFIELD,OHIO
ST GEORGE,UTAH
ST. CLOUD,MINNESOTA
ST. GEORGE,UTAH
ST. LOUIS,MISSOURI
ST. PETERSBURG,FLORIDA
STATE COLLEGE,PENNSYLVANIA
STAUNTON,VIRGINIA
STILLWATER,OKLAHOMA
STOCKTON,CALIFORNIA
SUN VALLEY/HAILEY/KETCHUM,IDAHO
SYKESVILLE,MARYLAND
SYRACUSE,NEW YORK
TALLAHASSEE,FLORIDA
TAMPA,FLORIDA
TEXARKANA,ARKANSAS
THOUSAND OAKS,CALIFORNIA
TOLEDO,OHIO
TRAVERSE CITY,MICHIGAN
TRENTON,NEW JERSEY
TUCSON,ARIZONA
TULSA,OKLAHOMA
TWIN FALLS,IDAHO
TYLER,TEXAS
VALDOSTA,GEORGIA
VALPARAISO,FLORIDA
VANDALIA,OHIO
VERNAL,UTAH
WACO,TEXAS
WASHINGTON,VIRGINIA
WATERLOO,IOWA
WATERTOWN,SOUTH DAKOTA
WATERTOWN,NEW YORK
WAUPUN,WISCONSIN
WEST PALM BEACH/PALM BEACH,FLORIDA
WEST YELLOWSTONE,MONTANA
WHITE PLAINS,NEW YORK
WICHITA,KANSAS
WICHITA FALLS,TEXAS
WILLISTON,NORTH DAKOTA
WILMINGTON,DELAWARE
WILMINGTON,NORTH CAROLINA
WILMINGTON,OHIO
WORCESTER,MASSACHUSETTS
WRANGELL,ALASKA
YAKUTAT,ALASKA
YUMA,ARIZONA
