City;State;
BIRMINGHAM;ALABAMA;
DOTHAN;ALABAMA;
HUNTSVILLE;ALABAMA;
MOBILE;ALABAMA;
MONTGOMERY;ALABAMA;
ADAK ISLAND;ALASKA;
ANCHORAGE;ALASKA;
BARROW;ALASKA;
BETHEL;ALASKA;
COLD BAY;ALASKA;
CORDOVA;ALASKA;
DEADHORSE;ALASKA;
DILLINGHAM;ALASKA;
FAIRBANKS;ALASKA;
GUSTAVUS;ALASKA;
JUNEAU;ALASKA;
KETCHIKAN;ALASKA;
KING SALMON;ALASKA;
KODIAK;ALASKA;
KOTZEBUE;ALASKA;
NOME;ALASKA;
PETERSBURG;ALASKA;
SITKA;ALASKA;
WRANGELL;ALASKA;
YAKUTAT;ALASKA;
FLAGSTAFF;ARIZONA;
PHOENIX;ARIZONA;
PRESCOTT;ARIZONA;
SCOTTSDALE;ARIZONA;
TUCSON;ARIZONA;
YUMA;ARIZONA;
FAYETTEVILLE;ARKANSAS;
FORT SMITH;ARKANSAS;
LITTLE ROCK;ARKANSAS;
NEWPORT;ARKANSAS;
PINE BLUFF;ARKANSAS;
TEXARKANA;ARKANSAS;
ARCATA/EUREKA;CALIFORNIA;
BAKERSFIELD;CALIFORNIA;
BURBANK;CALIFORNIA;
BURLINGAME;CALIFORNIA;
FRESNO;CALIFORNIA;
LONG BEACH;CALIFORNIA;
LOS ANGELES;CALIFORNIA;
MAMMOTH LAKES;CALIFORNIA;
MONTEREY;CALIFORNIA;
MOUNT SHASTA;CALIFORNIA;
OAKLAND;CALIFORNIA;
ONTARIO;CALIFORNIA;
PALM SPRINGS;CALIFORNIA;
REDDING;CALIFORNIA;
SACRAMENTO;CALIFORNIA;
SAN DIEGO;CALIFORNIA;
SAN FRANCISCO;CALIFORNIA;
SAN JOSE;CALIFORNIA;
SAN LUIS OBISPO;CALIFORNIA;
SANTA ANA;CALIFORNIA;
SANTA BARBARA;CALIFORNIA;
SANTA MARIA;CALIFORNIA;
SANTA ROSA;CALIFORNIA;
STOCKTON;CALIFORNIA;
THOUSAND OAKS;CALIFORNIA;
ASPEN;COLORADO;
COLORADO SPRINGS;COLORADO;
DENVER;COLORADO;
DURANGO;COLORADO;
EAGLE;COLORADO;
GRAND JUNCTION;COLORADO;
GUNNISON;COLORADO;
HAYDEN;COLORADO;
MONTROSE/DELTA;COLORADO;
PUEBLO;COLORADO;
HARTFORD;CONNECTICUT;
NEW HAVEN;CONNECTICUT;
NORWALK;CONNECTICUT;
CAMDEN;DELAWARE;
GREENVILLE;DELAWARE;
NEWARK;DELAWARE;
WILMINGTON;DELAWARE;
DAYTONA BEACH;FLORIDA;
FORT LAUDERDALE;FLORIDA;
FORT MYERS;FLORIDA;
GAINESVILLE;FLORIDA;
JACKSONVILLE;FLORIDA;
KEY WEST;FLORIDA;
MELBOURNE;FLORIDA;
MIAMI;FLORIDA;
MILTON;FLORIDA;
MIRAMAR;FLORIDA;
ORLANDO;FLORIDA;
PANAMA CITY;FLORIDA;
PENSACOLA;FLORIDA;
PUNTA GORDA;FLORIDA;
SANFORD;FLORIDA;
SARASOTA/BRADENTON;FLORIDA;
ST. PETERSBURG;FLORIDA;
TALLAHASSEE;FLORIDA;
TAMPA;FLORIDA;
VALPARAISO;FLORIDA;
WEST PALM BEACH/PALM BEACH;FLORIDA;
ALBANY;GEORGIA;
ALLANTA;GEORGIA;ATLANTA
ALTANTA;GEORGIA;ATLANTA
ATLANTA;GEORGIA;
AUGUSTA;GEORGIA;
BRUNSWICK;GEORGIA;
COLUMBUS;GEORGIA;
SAVANNAH;GEORGIA;
VALDOSTA;GEORGIA;
HILO;HAWAII;
HONOLULU;HAWAII;
KAHULUI;HAWAII;
KONA;HAWAII;
LIHUE;HAWAII;
BOISE;IDAHO;
COTTONWOOD;IDAHO;
IDAHO FALLS;IDAHO;
KIMBERLY;IDAHO;
LEWISTON;IDAHO;
POCATELLO;IDAHO;
SUN VALLEY/HAILEY/KETCHUM;IDAHO;
TWIN FALLS;IDAHO;
BELLEVILLE;ILLINOIS;
BLOOMINGTON/NORMAL;ILLINOIS;
CHAMPAIGN/URBANA;ILLINOIS;
CHICAGO;ILLINOIS;
DECATUR;ILLINOIS;
MOLINE;ILLINOIS;
PEORIA;ILLINOIS;
QUINCY;ILLINOIS;
ROCKFORD;ILLINOIS;
ROMEOVILLE;ILLINOIS;
SPRINGFIELD;ILLINOIS;
CLAYTON;INDIANA;
EVANSVILLE;INDIANA;
FORT WAYNE;INDIANA;
INDANAPOLIS;INDIANA;
INDIANAPOLIS;INDIANA;
LAGRANGE;INDIANA;
SOUTH BEND;INDIANA;
CEDAR RAPIDS/IOWA CITY;IOWA;
DES MOINES;IOWA;
DUBUQUE;IOWA;
SIOUX CITY;IOWA;
WATERLOO;IOWA;
DODGE CITY;KANSAS;
GARDEN CITY;KANSAS;
HAYS;KANSAS;
LIBERAL;KANSAS;
MANHATTAN/FT. RILEY;KANSAS;
SALINA;KANSAS;
WICHITA;KANSAS;
CINCINNATI;KENTUCKY;
LEXINGTON;KENTUCKY;
LOUISVILLE;KENTUCKY;
OWENSBORO;KENTUCKY;
PADUCAH;KENTUCKY;
ALEXANDRIA;LOUISIANA;
BATON ROUGE;LOUISIANA;
COVINGTON;LOUISIANA;
LAFAYETTE;LOUISIANA;
LAKE CHARLES;LOUISIANA;
MONROE;LOUISIANA;
NEW ORLEANS;LOUISIANA;
SHREVEPORT;LOUISIANA;
BANGOR;MAINE;
PORTLAND;MAINE;
BALTIMORE;MARYLAND;
GREENBELT;MARYLAND;
HAGERSTOWN;MARYLAND;
SYKESVILLE;MARYLAND;
BOSTON;MASSACHUSETTS;
CAMBRIDGE;MASSACHUSETTS;
HYANNIS;MASSACHUSETTS;
MARTHA'S VINEYARD;MASSACHUSETTS;
NANTUCKET;MASSACHUSETTS;
WORCESTER;MASSACHUSETTS;
ALPENA;MICHIGAN;
DETROIT;MICHIGAN;
ESCANABA;MICHIGAN;
FLINT;MICHIGAN;
GRAND RAPIDS;MICHIGAN;
HANCOCK/HOUGHTON;MICHIGAN;
IRON MOUNTAIN/KINGSFD;MICHIGAN;
KALAMAZOO;MICHIGAN;
LANSING;MICHIGAN;
MARQUETTE;MICHIGAN;
MUSKEGON;MICHIGAN;
PELLSTON;MICHIGAN;
SAGINAW/BAY CITY/MIDLAND;MICHIGAN;
SAULT STE. MARIE;MICHIGAN;
TRAVERSE CITY;MICHIGAN;
BEMIDJI;MINNESOTA;
BRAINERD;MINNESOTA;
DULUTH;MINNESOTA;
HIBBING;MINNESOTA;
INTERNATIONAL FALLS;MINNESOTA;
MINNEAPOLIS;MINNESOTA;
ROCHESTER;MINNESOTA;
ST. CLOUD;MINNESOTA;
CLEVELAND;MISSISSIPPI;
COLUMBUS;MISSISSIPPI;
GULFPORT/BILOXI;MISSISSIPPI;
HATTIESBURG/LAUREL;MISSISSIPPI;
JACKSON/VICKSBURG;MISSISSIPPI;
MERIDIAN;MISSISSIPPI;
BRANSON;MISSOURI;
CAPE GIRARDEAU;MISSOURI;
COLUMBIA;MISSOURI;
JOPLIN;MISSOURI;
KANSAS CITY;MISSOURI;
KENNETT;MISSOURI;
SPRINGFIELD;MISSOURI;
ST. LOUIS;MISSOURI;
BILLINGS;MONTANA;
BOZEMAN;MONTANA;
BUTTE;MONTANA;
GREAT FALLS;MONTANA;
HELENA;MONTANA;
KALISPELL;MONTANA;
MISSOULA;MONTANA;
WEST YELLOWSTONE;MONTANA;
GRAND ISLAND;NEBRASKA;
KEARNEY;NEBRASKA;
LINCOLN;NEBRASKA;
MILFORD;NEBRASKA;
NORTH PLATTE;NEBRASKA;
OMAHA;NEBRASKA;
SCOTTSBLUFF;NEBRASKA;
ELKO;NEVADA;
LAS;NEVADA;LAS VEGAS
LAS VEGAS;NEVADA;
RENO;NEVADA;
MANCHESTER;NEW HAMPSHIRE;
PORTSMOUTH;NEW HAMPSHIRE;
ATLANTIC CITY;NEW JERSEY;
NEWARK;NEW JERSEY;
ROCKAWAY;NEW JERSEY;
TRENTON;NEW JERSEY;
ALBUQUERQUE;NEW MEXICO;
EL PRADO;NEW MEXICO;
HOBBS;NEW MEXICO;
ROSWELL;NEW MEXICO;
SANTA FE;NEW MEXICO;
ALBANY;NEW YORK;
BINGHAMTON;NEW YORK;
BUFFALO;NEW YORK;
ELMIRA/CORNING;NEW YORK;
ISLIP;NEW YORK;
ITHACA/CORTLAND;NEW YORK;
LONG ISLAND;NEW YORK;LONG ISLAND CITY
LONG ISLAND CITY;NEW YORK;
NEW YORK;NEW YORK;
NEWBURGH/POUGHKEEPSIE;NEW YORK;
NIAGARA FALLS;NEW YORK;
OGDENSBURG;NEW YORK;
OLD CHATHAM;NEW YORK;
PLATTSBURGH;NEW YORK;
PORT EWEN;NEW YORK;
ROCHESTER;NEW YORK;
SYRACUSE;NEW YORK;
WATERTOWN;NEW YORK;
WHITE PLAINS;NEW YORK;
ASHEVILLE;NORTH CAROLINA;
BEAUFORT;NORTH CAROLINA;
CHARLOTTE;NORTH CAROLINA;
CONCORD;NORTH CAROLINA;
FAYETTEVILLE;NORTH CAROLINA;
GREENSBORO/HIGH POINT;NORTH CAROLINA;
GREENVILLE;NORTH CAROLINA;
JACKSONVILLE/CAMP LEJEUNE;NORTH CAROLINA;
NEW BERN/MOREHEAD/BEAUFORT;NORTH CAROLINA;
RALEIGH/DURHAM;NORTH CAROLINA;
WILMINGTON;NORTH CAROLINA;
BISMARCK/MANDAN;NORTH DAKOTA;
DEVILS LAKE;NORTH DAKOTA;
DICKINSON;NORTH DAKOTA;
FARGO;NORTH DAKOTA;
GRAND FORKS;NORTH DAKOTA;
JAMESTOWN;NORTH DAKOTA;
MINOT;NORTH DAKOTA;
NAPOLEON;NORTH DAKOTA;
WILLISTON;NORTH DAKOTA;
AKRON;OHIO;
CLEVELAND;OHIO;
COLUMBUS;OHIO;
DAYTON;OHIO;
SPRINGFIELD;OHIO;
TOLEDO;OHIO;
VANDALIA;OHIO;
WILMINGTON;OHIO;
DUNCAN;OKLAHOMA;
HASKELL;OKLAHOMA;
LAWTON/FORT SILL;OKLAHOMA;
OKLAHOMA CITY;OKLAHOMA;
STILLWATER;OKLAHOMA;
TULSA;OKLAHOMA;
AURORA;OREGON;
BEND;OREGON;
BEND/REDMOND;OREGON;
EUGENE;OREGON;
MEDFORD;OREGON;
NORTH BEND/COOS BAY;OREGON;
PORTLAND;OREGON;
ALLENTOWN/BETHLEHEM/EASTON;PENNSYLVANIA;
BELLEVILLE;PENNSYLVANIA;
ERIE;PENNSYLVANIA;
HARRISBURG;PENNSYLVANIA;
LATROBE;PENNSYLVANIA;
PHILADELPHIA;PENNSYLVANIA;
PITTSBURGH;PENNSYLVANIA;
SCRANTON/WILKES-BARRE;PENNSYLVANIA;
STATE COLLEGE;PENNSYLVANIA;
AGUADILLA;PUERTO RICO;
PONCE;PUERTO RICO;
SAN JUAN;PUERTO RICO;
NORTH KINGSTOWN;RHODE ISLAND;
PROVIDENCE;RHODE ISLAND;
CAMERON;SOUTH CAROLINA;
CHARLESTON;SOUTH CAROLINA;
COLUMBIA;SOUTH CAROLINA;
GREER;SOUTH CAROLINA;
HILTON HEAD;SOUTH CAROLINA;
MYRTLE BEACH;SOUTH CAROLINA;
ABERDEEN;SOUTH DAKOTA;
PIERRE;SOUTH DAKOTA;
RAPID CITY;SOUTH DAKOTA;
SIOUX FALLS;SOUTH DAKOTA;
WATERTOWN;SOUTH DAKOTA;
BRISTOL/JOHNSON CITY/KINGSPORT;TENNESSEE;
CHATTANOOGA;TENNESSEE;
KNOXVILLE;TENNESSEE;
MEMPHIS;TENNESSEE;
NASHVILLE;TENNESSEE;
ABILENE;TEXAS;
AMARILLO;TEXAS;
AUSTIN;TEXAS;
BEAUMONT/PORT ARTHUR;TEXAS;
BROWNSVILLE;TEXAS;
CANYON;TEXAS;
COLLEGE STATION/BRYAN;TEXAS;
CORPUS CHRISTI;TEXAS;
DALLAS;TEXAS;
DALLAS/FORT WORTH;TEXAS;
DEL RIO;TEXAS;
EL PASO;TEXAS;
FORT WORTH;TEXAS;
FORTH WORTH;TEXAS;
FT. WORTH;TEXAS;
HARLINGEN/SAN BENITO;TEXAS;
HORSESHOE BAY;TEXAS;
HOUSTON;TEXAS;
IRVING;TEXAS;
KILLEEN;TEXAS;
LAREDO;TEXAS;
LONGVIEW;TEXAS;
LUBBOCK;TEXAS;
MIDLAND/ODESSA;TEXAS;
MISSION/MCALLEN/EDINBURG;TEXAS;
SAN ANGELO;TEXAS;
SAN ANTONIO;TEXAS;
TYLER;TEXAS;
WACO;TEXAS;
WICHITA FALLS;TEXAS;
GUAM;U.S. PACIFIC TRUST TERRITORIES AND POSSESSIONS;
PAGO PAGO;U.S. PACIFIC TRUST TERRITORIES AND POSSESSIONS;
SAIPAN;U.S. PACIFIC TRUST TERRITORIES AND POSSESSIONS;
CHARLOTTE AMALIE;U.S. VIRGIN ISLANDS;
CHRISTIANSTED;U.S. VIRGIN ISLANDS;
CEDAR CITY;UTAH;
MOAB;UTAH;
NORTH SALT LAKE;UTAH;
OGDEN;UTAH;
PROVO;UTAH;
SAINT GEORGE;UTAH;
SALT LAKE CITY;UTAH;
ST GEORGE;UTAH;ST. GEORGE
ST. GEORGE;UTAH;
VERNAL;UTAH;
BURLINGTON;VERMONT;
ARLINGTON;VIRGINIA;
CHARLOTTESVILLE;VIRGINIA;
LEESBURG;VIRGINIA;
LYNCHBURG;VIRGINIA;
NEWPORT NEWS/WILLIAMSBURG;VIRGINIA;
NORFOLK;VIRGINIA;
RICHMOND;VIRGINIA;
ROANOKE;VIRGINIA;
STAUNTON;VIRGINIA;
WASHINGTON;VIRGINIA;
BELLINGHAM;WASHINGTON;
EVERETT;WASHINGTON;
MOUNT VERNON;WASHINGTON;
PASCO/KENNEWICK/RICHLAND;WASHINGTON;
SEATAC;WASHINGTON;
SEATTLE;WASHINGTON;
SPOKANE;WASHINGTON;
ASHLAND;WEST VIRGINIA;
CHARLESTON/DUNBAR;WEST VIRGINIA;
CLARKSBURG/FAIRMONT;WEST VIRGINIA;
LEWISBURG;WEST VIRGINIA;
APPLETON;WISCONSIN;
EAU CLAIRE;WISCONSIN;
GREEN BAY;WISCONSIN;
LA CROSSE;WISCONSIN;
MADISON;WISCONSIN;
MILWAUKEE;WISCONSIN;
MOSINEE;WISCONSIN;
RHINELANDER;WISCONSIN;
WAUPUN;WISCONSIN;
CASPER;WYOMING;
CHEYENNE;WYOMING;
CODY;WYOMING;
GILLETTE;WYOMING;
JACKSON;WYOMING;
LARAMIE;WYOMING;
RIVERTON/LANDER;WYOMING;
ROCK SPRINGS;WYOMING;
SHERIDAN;WYOMING;
NORFOLK;;UNITED KINGDOM
